{
  "task": "supply_chain_disruption",
  "difficulty": 2,
  "episodes": 50,
  "final_epsilon": 0.778312557068642,
  "episode_rewards": [
    3756.7800000000016,
    3644.4000000000024,
    3532.8200000000006,
    3453.4500000000003,
    3784.7699999999986,
    3719.530000000001,
    3768.439999999999,
    3541.9199999999983,
    3564.959999999998,
    3503.3999999999996,
    3682.8000000000015,
    3710.2700000000004,
    3778.9599999999996,
    3619.5099999999993,
    3880.0499999999993,
    3516.539999999999,
    3617.5799999999995,
    3558.830000000001,
    3718.26,
    3860.7699999999995,
    3444.3300000000004,
    3859.44,
    3408.11,
    3680.3300000000017,
    3789.029999999999,
    3737.8400000000006,
    3539.4799999999987,
    3595.439999999999,
    3745.36,
    3527.3800000000006,
    3782.1799999999994,
    3435.76,
    3798.3100000000004,
    3787.719999999999,
    3635.93,
    3762.7799999999997,
    3261.2199999999993,
    3676.44,
    3898.5699999999997,
    3936.0800000000004,
    3623.8199999999997,
    3775.060000000001,
    3292.169999999998,
    3625.3700000000003,
    3613.920000000001,
    3757.79,
    3861.6400000000003,
    3584.67,
    3908.549999999998,
    3762.439999999999
  ],
  "avg_reward": 3666.4239999999995,
  "max_reward": 3936.0800000000004,
  "min_reward": 3261.2199999999993
}