{
  "task": "variable_weather",
  "difficulty": 2,
  "episodes": 50,
  "final_epsilon": 0.778312557068642,
  "episode_rewards": [
    3620.0000000000005,
    3643.689999999999,
    3750.8200000000006,
    3708.6899999999996,
    3657.119999999999,
    3534.599999999998,
    3675.229999999999,
    3511.329999999999,
    3702.9700000000007,
    3548.7600000000016,
    3708.55,
    3873.9900000000007,
    3414.729999999999,
    3670.8,
    3741.7000000000003,
    3644.8700000000003,
    3552.210000000001,
    3393.8100000000004,
    3718.91,
    3678.48,
    3533.8699999999994,
    3669.2999999999997,
    3715.1999999999994,
    3709.3100000000013,
    3827.7299999999996,
    3668.339999999999,
    3745.4700000000007,
    3621.6800000000007,
    3635.2199999999984,
    3726.4099999999994,
    3613.5700000000006,
    3831.950000000002,
    3625.2499999999995,
    3608.2400000000002,
    3593.1300000000015,
    3486.660000000001,
    3441.219999999999,
    3763.660000000001,
    3479.330000000001,
    3639.1299999999997,
    3647.8300000000004,
    3668.3900000000003,
    3575.65,
    3516.0100000000025,
    3772.460000000001,
    3688.03,
    3548.7999999999997,
    3651.699999999999,
    3693.9199999999996,
    3707.57
  ],
  "avg_reward": 3643.1258000000003,
  "max_reward": 3873.9900000000007,
  "min_reward": 3393.8100000000004
}