{
  "task": "ideal_season",
  "difficulty": 1,
  "episodes": 50,
  "final_epsilon": 0.778312557068642,
  "episode_rewards": [
    3191.6300000000015,
    3243.4599999999996,
    2901.190000000001,
    3206.8499999999995,
    3105.8799999999997,
    3172.520000000001,
    3164.0600000000004,
    3148.3799999999997,
    3135.7800000000007,
    3225.3800000000006,
    3220.7000000000007,
    3236.109999999999,
    3222.7,
    2963.0299999999997,
    3166.2900000000004,
    3237.37,
    3073.2599999999993,
    2923.25,
    3079.85,
    2903.1799999999994,
    3308.05,
    3393.410000000001,
    3169.1899999999996,
    3021.7899999999995,
    2871.1200000000013,
    3196.3899999999994,
    3211.7400000000002,
    3231.4599999999996,
    3095.380000000001,
    2987.92,
    3106.34,
    3194.3799999999997,
    2971.83,
    2930.4499999999994,
    3170.0500000000006,
    3119.8599999999997,
    3148.2400000000002,
    3122.819999999999,
    3182.7000000000003,
    2908.9799999999996,
    3228.22,
    2956.3799999999997,
    3102.3600000000015,
    3233.2500000000005,
    3094.2899999999995,
    3407.640000000001,
    2933.7999999999997,
    3028.099999999999,
    3043.2599999999998,
    3152.38
  ],
  "avg_reward": 3120.8530000000005,
  "max_reward": 3407.640000000001,
  "min_reward": 2871.1200000000013
}