{
  "total_episodes": 100,
  "tasks": [
    "ideal_season",
    "variable_weather",
    "drought_year",
    "supply_chain_disruption",
    "regulatory_shift"
  ],
  "final_epsilon": 0.6057704364907278,
  "task_rewards": {
    "ideal_season": [
      3166.9999999999986,
      3171.2999999999997,
      3104.9,
      2959.5399999999995,
      3332.2999999999993,
      3053.4100000000017,
      3106.0100000000007,
      3190.6199999999985,
      3307.2500000000005,
      3226.96,
      3105.97,
      3100.6999999999994,
      3314.1500000000005,
      3355.239999999998,
      3133.8100000000004,
      2982.139999999999,
      3229.0700000000006,
      3160.9399999999996,
      3221.860000000001,
      3002.2000000000007
    ],
    "variable_weather": [
      3543.2200000000003,
      3634.7500000000014,
      3579.6499999999983,
      3711.5,
      3538.6699999999987,
      3447.2399999999993,
      3516.6099999999997,
      3484.1400000000003,
      3333.12,
      3837.9,
      3680.42,
      3545.670000000001,
      3474.8300000000013,
      3646.82,
      3589.9099999999994,
      3776.08,
      3723.8000000000006,
      3920.9899999999993,
      3342.1000000000013,
      3595.04
    ],
    "drought_year": [
      2918.000000000001,
      2919.6599999999994,
      2951.44,
      2917.12,
      2834.1400000000012,
      2963.3199999999997,
      2848.399999999999,
      2914.01,
      2877.209999999999,
      2946.910000000001,
      2885.5199999999995,
      2960.8699999999994,
      2913.6200000000003,
      2974.5500000000006,
      2988.8199999999997,
      2913.0999999999995,
      2912.9100000000003,
      2897.330000000001,
      2834.5599999999995,
      2836.22
    ],
    "supply_chain_disruption": [
      3718.3700000000017,
      3885.38,
      3821.0899999999983,
      3484.88,
      3592.35,
      3848.13,
      3587.820000000002,
      3548.390000000001,
      3478.819999999999,
      3662.4300000000007,
      3672.1699999999987,
      3617.639999999998,
      3626.9700000000007,
      3907.64,
      3634.25,
      3583.439999999999,
      3795.020000000001,
      3730.570000000001,
      3308.939999999999,
      3789.4900000000007
    ],
    "regulatory_shift": [
      3379.840000000001,
      3445.189999999999,
      3545.3199999999997,
      3497.86,
      3618.369999999999,
      3475.4100000000008,
      3493.1300000000015,
      3635.250000000001,
      3153.9600000000005,
      3596.44,
      3353.080000000001,
      3619.019999999999,
      3635.7599999999993,
      3409.3700000000003,
      2886.8999999999996,
      3734.610000000001,
      3281.1699999999996,
      3106.25,
      3716.789999999999,
      3793.3400000000015
    ]
  },
  "task_averages": {
    "ideal_season": 3161.2684999999997,
    "variable_weather": 3596.1229999999996,
    "drought_year": 2910.3855000000003,
    "supply_chain_disruption": 3664.6895000000013,
    "regulatory_shift": 3468.853
  }
}