{
  "task": "drought_year",
  "difficulty": 3,
  "episodes": 50,
  "final_epsilon": 0.778312557068642,
  "episode_rewards": [
    2779.07,
    2896.5000000000005,
    2922.7200000000003,
    2893.5000000000014,
    2893.909999999999,
    2889.399999999999,
    2941.4699999999993,
    2987.5199999999995,
    3025.340000000001,
    2978.81,
    2964.5400000000004,
    2843.92,
    2991.3500000000004,
    2853.9600000000005,
    2853.34,
    2879.009999999999,
    2873.5700000000015,
    2939.110000000001,
    2967.4199999999996,
    2800.1699999999996,
    2954.79,
    2888.339999999999,
    3081.2500000000005,
    2977.13,
    2859.46,
    3075.2599999999993,
    2857.1500000000005,
    3067.18,
    2885.8899999999985,
    2854.64,
    3065.7800000000007,
    2880.64,
    3013.480000000001,
    2983.809999999999,
    2932.9699999999993,
    2850.99,
    2889.0199999999995,
    2936.080000000001,
    2995.360000000001,
    2936.239999999999,
    2926.44,
    2878.69,
    2885.2000000000007,
    2931.44,
    2815.479999999999,
    2886.739999999999,
    3003.4900000000007,
    3018.85,
    2929.600000000001,
    2944.36
  ],
  "avg_reward": 2927.6075999999994,
  "max_reward": 3081.2500000000005,
  "min_reward": 2779.07
}