{
  "episode_rewards": [
    3319.57,
    3216.7000000000003,
    2930.68,
    3235.9500000000016,
    3103.75,
    3135.64,
    3210.8399999999992,
    3209.1699999999996,
    3106.3799999999997,
    3065.5500000000006,
    3235.399999999999,
    3256.76,
    3258.2199999999993,
    2943.4699999999993,
    3121.1299999999997,
    3304.189999999999,
    3070.5099999999998,
    2913.629999999999,
    3048.650000000001,
    2942.2100000000014,
    3184.210000000001,
    3336.919999999999,
    3185.7699999999995,
    3031.0099999999998,
    2837.049999999999,
    3127.17,
    3241.24,
    3318.7099999999996,
    2942.52,
    2794.5800000000004,
    3165.7,
    3200.14,
    3022.4400000000014,
    2983.2099999999996,
    3189.4899999999993,
    3078.2700000000013,
    3038.6599999999994,
    3173.460000000001,
    3237.7400000000002,
    3041.38,
    3236.0099999999993,
    2837.94,
    3165.36,
    3092.929999999999,
    3064.4100000000008,
    3404.8500000000013,
    2976.1400000000003,
    3066.7199999999993,
    2967.519999999999,
    3186.3199999999993
  ],
  "final_epsilon": 0.778312557068642
}