{
  "task": "regulatory_shift",
  "difficulty": 3,
  "episodes": 50,
  "final_epsilon": 0.778312557068642,
  "episode_rewards": [
    3775.8800000000006,
    3548.8699999999985,
    3371.9999999999986,
    3109.55,
    3554.599999999999,
    3561.6499999999996,
    3459.38,
    3438.58,
    3288.0900000000006,
    3801.95,
    3428.45,
    3548.579999999999,
    3448.8500000000004,
    3345.4399999999987,
    3454.3199999999983,
    3580.3899999999994,
    3604.51,
    3604.4799999999996,
    3260.3199999999997,
    3959.6,
    3542.38,
    3407.899999999999,
    3744.4,
    3629.62,
    3614.439999999999,
    3458.84,
    3512.9499999999994,
    3292.6599999999985,
    3431.680000000001,
    3697.5299999999997,
    3355.070000000001,
    3784.000000000001,
    3564.42,
    3329.9799999999996,
    3649.99,
    3631.619999999999,
    3803.689999999999,
    3535.01,
    3717.3700000000003,
    3489.85,
    3388.7600000000007,
    3581.460000000001,
    3654.580000000002,
    3328.85,
    3446.170000000001,
    3591.9500000000007,
    3790.289999999998,
    3792.0299999999997,
    3625.71,
    3481.4800000000014
  ],
  "avg_reward": 3540.4033999999997,
  "max_reward": 3959.6,
  "min_reward": 3109.55
}