{
  "ideal_season": {
    "task": "ideal_season",
    "difficulty": 1,
    "episodes": 50,
    "final_epsilon": 0.778312557068642,
    "episode_rewards": [
      3191.6300000000015,
      3243.4599999999996,
      2901.190000000001,
      3206.8499999999995,
      3105.8799999999997,
      3172.520000000001,
      3164.0600000000004,
      3148.3799999999997,
      3135.7800000000007,
      3225.3800000000006,
      3220.7000000000007,
      3236.109999999999,
      3222.7,
      2963.0299999999997,
      3166.2900000000004,
      3237.37,
      3073.2599999999993,
      2923.25,
      3079.85,
      2903.1799999999994,
      3308.05,
      3393.410000000001,
      3169.1899999999996,
      3021.7899999999995,
      2871.1200000000013,
      3196.3899999999994,
      3211.7400000000002,
      3231.4599999999996,
      3095.380000000001,
      2987.92,
      3106.34,
      3194.3799999999997,
      2971.83,
      2930.4499999999994,
      3170.0500000000006,
      3119.8599999999997,
      3148.2400000000002,
      3122.819999999999,
      3182.7000000000003,
      2908.9799999999996,
      3228.22,
      2956.3799999999997,
      3102.3600000000015,
      3233.2500000000005,
      3094.2899999999995,
      3407.640000000001,
      2933.7999999999997,
      3028.099999999999,
      3043.2599999999998,
      3152.38
    ],
    "avg_reward": 3120.8530000000005,
    "max_reward": 3407.640000000001,
    "min_reward": 2871.1200000000013
  },
  "variable_weather": {
    "task": "variable_weather",
    "difficulty": 2,
    "episodes": 50,
    "final_epsilon": 0.778312557068642,
    "episode_rewards": [
      3620.0000000000005,
      3643.689999999999,
      3750.8200000000006,
      3708.6899999999996,
      3657.119999999999,
      3534.599999999998,
      3675.229999999999,
      3511.329999999999,
      3702.9700000000007,
      3548.7600000000016,
      3708.55,
      3873.9900000000007,
      3414.729999999999,
      3670.8,
      3741.7000000000003,
      3644.8700000000003,
      3552.210000000001,
      3393.8100000000004,
      3718.91,
      3678.48,
      3533.8699999999994,
      3669.2999999999997,
      3715.1999999999994,
      3709.3100000000013,
      3827.7299999999996,
      3668.339999999999,
      3745.4700000000007,
      3621.6800000000007,
      3635.2199999999984,
      3726.4099999999994,
      3613.5700000000006,
      3831.950000000002,
      3625.2499999999995,
      3608.2400000000002,
      3593.1300000000015,
      3486.660000000001,
      3441.219999999999,
      3763.660000000001,
      3479.330000000001,
      3639.1299999999997,
      3647.8300000000004,
      3668.3900000000003,
      3575.65,
      3516.0100000000025,
      3772.460000000001,
      3688.03,
      3548.7999999999997,
      3651.699999999999,
      3693.9199999999996,
      3707.57
    ],
    "avg_reward": 3643.1258000000003,
    "max_reward": 3873.9900000000007,
    "min_reward": 3393.8100000000004
  },
  "drought_year": {
    "task": "drought_year",
    "difficulty": 3,
    "episodes": 50,
    "final_epsilon": 0.778312557068642,
    "episode_rewards": [
      2779.07,
      2896.5000000000005,
      2922.7200000000003,
      2893.5000000000014,
      2893.909999999999,
      2889.399999999999,
      2941.4699999999993,
      2987.5199999999995,
      3025.340000000001,
      2978.81,
      2964.5400000000004,
      2843.92,
      2991.3500000000004,
      2853.9600000000005,
      2853.34,
      2879.009999999999,
      2873.5700000000015,
      2939.110000000001,
      2967.4199999999996,
      2800.1699999999996,
      2954.79,
      2888.339999999999,
      3081.2500000000005,
      2977.13,
      2859.46,
      3075.2599999999993,
      2857.1500000000005,
      3067.18,
      2885.8899999999985,
      2854.64,
      3065.7800000000007,
      2880.64,
      3013.480000000001,
      2983.809999999999,
      2932.9699999999993,
      2850.99,
      2889.0199999999995,
      2936.080000000001,
      2995.360000000001,
      2936.239999999999,
      2926.44,
      2878.69,
      2885.2000000000007,
      2931.44,
      2815.479999999999,
      2886.739999999999,
      3003.4900000000007,
      3018.85,
      2929.600000000001,
      2944.36
    ],
    "avg_reward": 2927.6075999999994,
    "max_reward": 3081.2500000000005,
    "min_reward": 2779.07
  },
  "supply_chain_disruption": {
    "task": "supply_chain_disruption",
    "difficulty": 2,
    "episodes": 50,
    "final_epsilon": 0.778312557068642,
    "episode_rewards": [
      3756.7800000000016,
      3644.4000000000024,
      3532.8200000000006,
      3453.4500000000003,
      3784.7699999999986,
      3719.530000000001,
      3768.439999999999,
      3541.9199999999983,
      3564.959999999998,
      3503.3999999999996,
      3682.8000000000015,
      3710.2700000000004,
      3778.9599999999996,
      3619.5099999999993,
      3880.0499999999993,
      3516.539999999999,
      3617.5799999999995,
      3558.830000000001,
      3718.26,
      3860.7699999999995,
      3444.3300000000004,
      3859.44,
      3408.11,
      3680.3300000000017,
      3789.029999999999,
      3737.8400000000006,
      3539.4799999999987,
      3595.439999999999,
      3745.36,
      3527.3800000000006,
      3782.1799999999994,
      3435.76,
      3798.3100000000004,
      3787.719999999999,
      3635.93,
      3762.7799999999997,
      3261.2199999999993,
      3676.44,
      3898.5699999999997,
      3936.0800000000004,
      3623.8199999999997,
      3775.060000000001,
      3292.169999999998,
      3625.3700000000003,
      3613.920000000001,
      3757.79,
      3861.6400000000003,
      3584.67,
      3908.549999999998,
      3762.439999999999
    ],
    "avg_reward": 3666.4239999999995,
    "max_reward": 3936.0800000000004,
    "min_reward": 3261.2199999999993
  },
  "regulatory_shift": {
    "task": "regulatory_shift",
    "difficulty": 3,
    "episodes": 50,
    "final_epsilon": 0.778312557068642,
    "episode_rewards": [
      3775.8800000000006,
      3548.8699999999985,
      3371.9999999999986,
      3109.55,
      3554.599999999999,
      3561.6499999999996,
      3459.38,
      3438.58,
      3288.0900000000006,
      3801.95,
      3428.45,
      3548.579999999999,
      3448.8500000000004,
      3345.4399999999987,
      3454.3199999999983,
      3580.3899999999994,
      3604.51,
      3604.4799999999996,
      3260.3199999999997,
      3959.6,
      3542.38,
      3407.899999999999,
      3744.4,
      3629.62,
      3614.439999999999,
      3458.84,
      3512.9499999999994,
      3292.6599999999985,
      3431.680000000001,
      3697.5299999999997,
      3355.070000000001,
      3784.000000000001,
      3564.42,
      3329.9799999999996,
      3649.99,
      3631.619999999999,
      3803.689999999999,
      3535.01,
      3717.3700000000003,
      3489.85,
      3388.7600000000007,
      3581.460000000001,
      3654.580000000002,
      3328.85,
      3446.170000000001,
      3591.9500000000007,
      3790.289999999998,
      3792.0299999999997,
      3625.71,
      3481.4800000000014
    ],
    "avg_reward": 3540.4033999999997,
    "max_reward": 3959.6,
    "min_reward": 3109.55
  }
}